Barrel 4,Nickel,Rack 1,Total
0.9099343997403507,0.0,2.626648117705936,1.2246951112518405
0.9099343997403507,0.0,2.626648117705936,1.2246951112518405
